Country,Total Cases,New Cases,Total Deaths,New Deaths,Total Recovered,Active Cases,Serious_Critical,Cases_per_1Mpop,Deaths_per_1Mpop,Total Tests,Tests_per_1Mpop,Continent,CountryCode,Avg_LockdownSeverity,Score,Quality_Life,GDP_2018,Obesity,Elder,Social support,Freedom,Corruption,Generosity,Health
Afghanistan,1176,84,40,4,166,970,7,30,1,6422,165,Asia,AFG,53.15918393,3.2030000000000003,39.070422535211264,563.8,5.5,2.58492694,151.0,155.0,136.0,137.0,139.0
Albania,634,25,27,1,356,251,4,220,9,6269,2178,Europe,ALB,65.38767797,4.718999999999999,39.070422535211264,5075.4,21.7,13.74473591,133.0,87.0,134.0,60.0,40.0
Italy,187327,3370,25085,437,54543,107699,2384,3098,415,1513251,25028,Europe,ITA,63.58646991,6.223,22.0,35391.7,19.9,22.7516796,23.0,132.0,128.0,48.0,7.0
Algeria,2910,99,402,10,1204,1304,40,66,9,6500,148,Africa,DZA,64.40474989,5.211,39.070422535211264,4815.6,27.4,6.362496545,101.0,149.0,46.0,128.0,78.0
France,159877,1827,21340,544,40657,97880,5218,2449,327,463662,7103,Europe,FRA,54.23399936,6.5920000000000005,16.0,43663.6,21.6,20.03462475,32.0,69.0,21.0,68.0,5.0
Germany,150062,1609,5250,164,99400,45412,2908,1791,63,2072669,24738,Europe,DEU,37.77024638,6.985,10.0,47501.8,22.3,21.461962,39.0,44.0,17.0,19.0,25.0
Argentina,3144,0,152,1,872,2120,123,70,3,39228,868,South America,ARG,44.48517586,6.086,55.0,10040.13,28.3,11.11778888,46.0,54.0,109.0,123.0,37.0
Iran,85996,1194,5391,94,63113,17492,3311,1024,64,377396,4493,Asia,IRN,57.49555616,4.548,79.0,6952.4,25.8,9.8300171986422,134.0,117.0,44.0,28.0,77.0
China,82788,30,4632,0,77151,1005,78,58,3,320000,2820,Asia,CHN,64.93624995,5.191,20.0,7755.0,6.2,10.92088354,108.0,31.0,73.62616822429906,133.0,34.0
Australia,6649,4,74,3,4920,1655,47,261,3,452441,17743,Australia/Oceania,AUS,41.73471244,7.228,7.0,56919.4,29.0,15.65647523,7.0,17.0,13.0,6.0,10.0
Austria,14925,52,510,19,11328,3087,176,1657,57,201794,22406,Europe,AUT,63.38866556,7.246,39.070422535211264,50250.0,20.1,19.00156646,31.0,26.0,19.0,25.0,15.0
Brazil,45757,2678,2906,165,25318,17533,8318,215,14,291922,1373,South America,BRA,60.411178099999994,6.3,62.0,11026.24,22.1,8.922837832,43.0,84.0,71.0,108.0,72.0
Azerbaijan,1518,38,20,0,907,591,14,150,2,108221,10674,Asia,AZE,42.48545411,5.207999999999999,69.0,5769.0,19.9,6.195182751,104.0,101.0,22.0,146.0,82.0
Belgium,41889,933,6262,264,9433,26194,1020,3614,540,171400,14789,Europe,BEL,50.12837792,6.922999999999999,11.0,46683.2,22.1,18.78874374,22.0,53.0,20.0,44.0,26.0
Canada,40119,1697,1971,137,13647,24501,557,1063,52,569878,15099,North America,CAN,32.11360446,7.278,1.0,51357.8,29.4,17.23200668,20.0,9.0,11.0,14.0,8.0
Bahrain,2027,54,7,0,1026,994,2,1191,4,97796,57474,Asia,BHR,41.14539249,6.199,39.070422535211264,21438.6,29.8,2.4263338780000003,59.0,24.0,73.62616822429906,23.0,42.0
Bangladesh,3772,390,120,10,92,3560,1,23,1,32630,198,Asia,BGD,47.30549383,4.456,39.070422535211264,1203.2,3.6,5.15839064,126.0,27.0,36.0,107.0,90.0
India,21370,1290,681,36,4370,16319,0,15,1,462621,335,Asia,IND,55.74701147,4.015,34.0,2104.2,3.9,6.179955649,142.0,41.0,73.0,65.0,105.0
Ireland,16671,631,769,39,9233,6669,147,3376,156,111584,22598,Europe,IRL,52.5643137,7.021,15.0,78764.6,25.3,13.865801699999999,6.0,33.0,10.0,9.0,20.0
Bolivia,609,11,37,3,44,528,3,52,3,4420,379,South America,BOL,65.37000248,5.779,39.070422535211264,2559.51,20.2,7.191947392,93.0,35.0,91.0,104.0,94.0
Israel,14498,556,189,5,5215,9094,141,1675,22,240303,27763,Asia,ISR,58.92133302,7.138999999999999,41.0,34788.7,26.1,11.97698602,38.0,93.0,74.0,24.0,11.0
Bosnia and Herzegovina,1368,26,53,2,460,855,4,417,16,20125,6134,Europe,BIH,52.14227842,5.386,39.070422535211264,6056.2,17.9,16.47031747,73.00884955752213,71.45132743362832,73.62616822429906,76.24778761061947,68.83333333333333
Botswana,22,2,1,0,0,21,0,9,0,4432,1885,Africa,BWA,34.80048007,3.488,39.070422535211264,8031.0,18.9,4.223874346000001,105.0,60.0,54.0,150.0,113.0
Japan,11512,0,281,0,1356,9875,232,91,2,124550,985,Asia,JPN,37.10405935,5.886,13.0,48919.6,4.3,27.57636991,50.0,64.0,39.0,92.0,2.0
Chile,11296,464,160,13,5386,5750,399,591,8,128722,6734,South America,CHL,67.01888837,6.444,49.0,15130.2,28.0,11.52980166,58.0,98.0,99.0,45.0,30.0
Ecuador,10850,452,537,17,1262,9051,141,615,30,33389,1892,South America,ECU,45.91555522,6.028,54.0,5185.09,19.9,7.157289727,71.0,42.0,68.0,95.0,45.0
Bulgaria,1024,49,49,4,174,801,37,147,7,27000,3886,Europe,BGR,47.45813455,5.011,33.0,8651.1,25.0,21.02191443,18.0,115.0,147.0,112.0,65.0
Burkina Faso,609,9,39,1,389,181,0,29,2,0,0,Africa,BFA,78.7172714,4.587,39.070422535211264,709.8,5.6,2.406980829,116.0,127.0,47.0,125.0,136.0
Burundi,11,6,1,0,4,6,0,1,0,284,24,Africa,BDI,20.90111087,3.775,39.070422535211264,210.8,5.4,2.24694046,152.0,135.0,23.0,149.0,135.0
Cameroon,1163,0,43,0,331,789,33,44,2,0,0,Africa,CMR,58.5405899,5.044,39.070422535211264,1497.8,11.4,2.728877355,129.0,90.0,120.0,91.0,141.0
Mexico,9501,729,857,145,2627,6017,378,74,7,49570,384,North America,MEX,48.3250011,6.595,46.0,10385.3,28.9,7.223684981,67.0,71.0,87.0,120.0,46.0
Denmark,7912,217,384,14,5087,2441,80,1366,66,108465,18726,Europe,DNK,77.92381687,7.6,3.0,62888.7,19.7,19.81295264,4.0,6.0,3.0,22.0,23.0
Chad,33,0,0,0,8,25,0,2,0,0,0,Africa,TCD,49.89363542,4.35,39.070422535211264,813.3,6.1,2.480518944,141.0,142.0,80.0,106.0,148.0
Indonesia,7418,283,635,19,913,5870,0,27,2,55732,204,Asia,IDN,43.70511111,5.192,40.0,4284.7,6.9,5.857165612999999,94.0,48.0,129.0,2.0,98.0
Colombia,4356,207,206,10,870,3280,98,86,4,68428,1345,South America,COL,37.60412995,6.125,63.0,7698.4,22.3,8.47804702,52.0,56.0,124.0,111.0,51.0
Costa Rica,681,12,6,0,180,495,6,134,1,11766,2310,North America,CRI,85.71371974,7.167000000000001,50.0,9892.64,25.7,9.549847673,42.0,16.0,58.0,75.0,28.0
Croatia,1950,42,48,0,869,1033,19,475,12,27614,6726,Europe,HRV,55.10142854,5.432,28.0,15870.3,24.4,20.44543301,79.0,118.0,139.0,81.0,32.0
Malaysia,5532,50,93,1,3452,1987,43,171,3,113755,3515,Asia,MYS,48.25577287,5.3389999999999995,31.0,12109.5,15.6,6.671754625,97.0,36.0,137.0,27.0,59.0
Dominican Republic,5300,256,260,15,581,4459,135,489,24,18261,1683,North America,DOM,57.25325589,5.425,51.0,7750.93,27.6,7.082817476000001,55.0,43.0,52.0,93.0,80.0
Cyprus,790,6,13,1,98,679,15,654,11,37081,30712,Asia,CYP,66.55095198,6.046,39.070422535211264,30926.5,21.8,13.71906177,90.0,81.0,115.0,39.0,6.0
Finland,4129,115,149,8,2000,1980,63,745,27,68552,12372,Europe,FIN,68.94227496,7.769,6.0,48579.9,22.2,21.72078755,2.0,5.0,4.0,47.0,27.0
Egypt,3659,169,276,12,935,2448,0,36,3,55000,537,Africa,EGY,87.25918795,4.166,75.0,2907.3,32.0,9.8300171986422,118.0,129.0,89.0,132.0,101.0
Luxembourg,3654,36,80,2,711,2863,32,5837,128,36087,57649,Europe,LUX,66.99790476,7.09,14.0,107243.2,22.6,14.18315418,27.0,28.0,9.0,30.0,16.0
Morocco,3446,237,149,4,417,2880,1,93,4,19885,539,Africa,MAR,66.4815382,5.207999999999999,57.0,3357.4,26.1,7.012904821,139.0,76.0,84.0,154.0,79.0
El Salvador,237,12,7,0,63,167,3,37,1,14375,2216,North America,SLV,49.36399981,6.252999999999999,39.070422535211264,3511.36,24.6,8.287090005,83.0,74.0,85.0,134.0,75.0
Estonia,1559,7,44,1,184,1331,7,1175,33,43637,32895,Europe,EST,72.32918775,5.893,47.0,19948.9,21.2,19.62635685,12.0,45.0,30.0,83.0,41.0
Moldova,2778,164,75,3,560,2143,212,689,19,11763,2916,Europe,MDA,46.49941213,5.529,39.070422535211264,2684.1,18.9,11.46955634,65.0,128.0,148.0,86.0,86.0
Greece,2408,7,121,0,577,1710,55,231,12,56944,5463,Europe,GRC,42.85918883,5.287000000000001,29.0,23558.1,24.9,21.65527208,102.0,150.0,123.0,152.0,21.0
Kuwait,2248,168,13,2,443,1792,50,526,3,0,0,Asia,KWT,51.26293989,6.021,39.070422535211264,33537.9,37.9,2.550472384,69.0,47.0,73.62616822429906,42.0,70.0
Hungary,2168,70,225,12,295,1648,82,224,23,52702,5455,Europe,HUN,64.57731754,5.757999999999999,27.0,16503.5,26.4,19.15772538,51.0,138.0,140.0,100.0,56.0
Kazakhstan,2135,140,19,0,515,1601,32,114,1,139207,7414,Asia,KAZ,70.27724184,5.809,65.0,11165.5,21.0,7.391846271,19.0,80.0,57.0,57.0,88.0
Gabon,166,10,1,0,24,141,2,75,0,572,257,Africa,GAB,52.58271379,4.7989999999999995,39.070422535211264,9077.0,15.0,3.563907468,95.0,119.0,103.0,143.0,108.0
Iceland,1785,7,10,0,1462,313,5,5231,29,44468,130312,Europe,ISL,26.60382735,7.494,39.070422535211264,52103.2,21.9,14.79509256,1.0,7.0,45.0,3.0,13.0
Iraq,1631,29,83,0,1146,402,0,41,2,62880,1563,Asia,IRQ,71.42851046,4.437,80.0,5510.8,30.4,3.323599663,124.0,130.0,66.0,73.0,107.0
Ghana,1154,112,9,0,99,1046,4,37,0,68591,2207,Africa,GHA,31.57369025,4.996,64.0,1807.1,10.9,3.068898007,132.0,91.0,117.0,52.0,121.0
Guatemala,316,22,8,1,24,284,3,18,0,7200,402,North America,GTM,53.75677762,6.436,61.0,3160.01,21.2,4.812072508,78.0,25.0,82.0,78.0,85.0
Honduras,510,16,46,0,30,434,10,51,5,2535,256,North America,HND,57.52052641,5.86,39.070422535211264,2203.95,21.4,4.690617659,84.0,39.0,79.0,51.0,57.0
Lebanon,682,5,22,1,113,547,26,100,3,22853,3348,Asia,LBN,63.76515621,5.197,78.0,6249.8,32.0,7.002368134,89.0,136.0,133.0,63.0,66.0
Jamaica,233,5,6,0,27,200,0,79,2,1936,654,North America,JAM,54.82797146,5.89,39.070422535211264,4841.65,24.7,8.796642551,28.0,49.0,130.0,119.0,55.0
Jordan,435,7,7,0,315,113,5,43,1,35000,3430,Asia,JOR,75.71499956,4.906000000000001,77.0,3236.9,35.5,3.8464903980000003,88.0,88.0,73.62616822429906,118.0,63.0
Kenya,303,7,14,0,74,215,2,6,0,14704,273,Africa,KEN,30.459425,4.5089999999999995,39.070422535211264,1202.1,7.1,2.3391866119999998,123.0,72.0,105.0,26.0,106.0
Mauritius,329,1,9,0,261,59,3,259,7,9755,7670,Africa,MUS,85.71399989,5.888,39.070422535211264,10578.6,10.8,11.47417307,54.0,40.0,96.0,37.0,73.0
Mali,293,35,17,3,73,203,0,14,1,2023,100,Africa,MLI,80.51545368,4.39,39.070422535211264,777.9,8.6,2.5072297580000003,112.0,110.0,107.0,138.0,142.0
Laos,19,0,0,0,4,15,0,3,0,1461,201,Asia,LAO,64.1378125,4.796,39.070422535211264,1789.1,5.3,9.8300171986422,120.0,22.0,27.0,34.0,112.0
Libya,59,0,1,0,15,43,0,9,0,891,130,Africa,LBY,45.037682000000004,5.525,39.070422535211264,7529.0,32.5,4.392040259,73.0,79.0,31.0,87.0,96.0
Madagascar,121,0,0,0,52,69,1,4,0,2357,85,Africa,MDG,83.55030297,3.9330000000000003,39.070422535211264,432.7,5.3,2.9867171260000003,128.0,146.0,116.0,136.0,111.0
Malawi,23,5,3,1,3,17,1,1,0,519,27,Africa,MWI,43.37456535,3.41,39.070422535211264,516.8,5.8,2.64543493,150.0,65.0,64.0,109.0,119.0
Mozambique,41,2,0,0,8,33,0,1,0,1247,40,Africa,MOZ,50.45576991,4.466,39.070422535211264,539.2,7.2,2.890764457,122.0,46.0,40.0,121.0,134.0
Mongolia,35,1,0,0,8,27,0,11,0,7130,2175,Asia,MNG,57.59415036,5.285,39.070422535211264,4197.8,20.6,4.083538787,10.0,112.0,119.0,38.0,97.0
Mauritania,7,0,1,0,6,0,0,2,0,969,208,Africa,MRT,28.15637658,4.49,39.070422535211264,1349.4,12.7,3.1411121580000003,99.0,151.0,67.0,148.0,120.0
Namibia,16,0,0,0,6,10,0,6,0,524,206,Africa,NAM,42.08232478,4.638999999999999,39.070422535211264,6073.2,17.2,3.6360316810000004,70.0,82.0,98.0,142.0,122.0
Netherlands,34842,708,4054,138,102,30538,1050,2033,237,171415,10004,Europe,NLD,66.87441063,7.4879999999999995,8.0,55041.1,20.4,19.19619263,15.0,19.0,12.0,7.0,18.0
New Zealand,1451,6,14,1,1036,401,2,301,3,94797,19658,Australia/Oceania,NZL,47.11266659,7.307,9.0,38000.7,30.8,15.65242453,5.0,8.0,5.0,8.0,14.0
Nicaragua,10,0,2,0,7,1,0,2,0,0,0,North America,NIC,11.36113174,6.105,39.070422535211264,1860.43,23.7,5.247497448,66.0,70.0,43.0,71.0,53.0
Niger,662,5,22,2,193,447,0,27,1,4832,200,Africa,NER,54.61468637,4.628,39.070422535211264,398.5,5.5,2.595007883,140.0,111.0,51.0,135.0,138.0
Nigeria,782,0,25,0,197,560,2,4,0,8003,39,Africa,NGA,40.18922965,5.265,74.0,2396.3,8.9,2.747377005,111.0,75.0,114.0,59.0,145.0
Norway,7275,34,187,5,32,7056,54,1342,34,148656,27421,Europe,NOR,48.08402425,7.553999999999999,4.0,92121.4,23.1,17.04922216,3.0,3.0,8.0,11.0,12.0
Pakistan,10076,511,212,11,2156,7708,58,46,1,118020,534,Asia,PAK,61.75781222,5.653,73.0,1196.6,8.6,4.312774311,130.0,114.0,55.0,58.0,114.0
Panama,4821,163,141,5,231,4449,94,1117,33,21902,5076,North America,PAN,44.73774675,6.321000000000001,70.0,11723.93,22.7,8.10473108,41.0,32.0,104.0,88.0,33.0
Paraguay,213,5,9,1,62,142,1,30,1,6292,882,South America,PRY,46.05294038,5.742999999999999,39.070422535211264,5394.46,20.3,6.430215008999999,30.0,34.0,76.0,67.0,81.0
Peru,19250,1413,530,46,7027,11693,396,584,16,170400,5168,South America,PER,70.42953338,5.697,52.0,6453.92,19.7,8.088392792,77.0,61.0,132.0,126.0,47.0
Philippines,6710,111,446,9,693,5571,1,61,4,68532,625,Asia,PHL,53.30066629,5.631,37.0,3022.0,6.4,5.122568768,75.0,15.0,49.0,115.0,99.0
Poland,10169,313,426,25,1513,8230,160,269,11,238799,6310,Europe,POL,43.261703600000004,6.182,24.0,16639.7,23.1,17.51781676,44.0,52.0,108.0,77.0,36.0
Portugal,21982,603,785,23,1143,20054,207,2156,77,284741,27925,Europe,PRT,43.38121879,5.693,19.0,23737.7,20.8,21.95385754,47.0,37.0,135.0,122.0,22.0
Qatar,7141,608,10,1,689,6442,37,2479,3,70012,24301,Asia,QAT,55.23917588,6.374,32.0,63222.1,35.1,1.370070339,73.00884955752213,71.45132743362832,73.62616822429906,76.24778761061947,43.0
Romania,9710,468,524,26,2406,6780,288,505,27,106357,5529,Europe,ROU,41.32987125,6.07,38.0,11534.9,22.5,18.33870139,86.0,57.0,146.0,102.0,61.0
Russia,57999,5236,513,57,4420,53066,700,397,4,2250000,15418,Europe,RUS,37.82816899,5.648,36.0,11729.1,23.1,9.8300171986422,40.0,107.0,127.0,101.0,89.0
Rwanda,153,3,0,0,84,69,0,12,0,6959,537,Africa,RWA,47.29126397,3.3339999999999996,39.070422535211264,826.3,5.8,2.9381960780000003,144.0,21.0,2.0,90.0,103.0
Saudi Arabia,12772,1141,114,5,1812,10846,82,367,3,200000,5745,Asia,SAU,51.89474303,6.375,39.0,20912.0,35.4,3.314088023,62.0,68.0,73.62616822429906,82.0,74.0
Serbia,7114,224,134,4,1025,5955,101,814,15,48636,5566,Europe,SRB,43.46604636,5.603,71.0,6880.5,21.5,18.34579269,57.0,124.0,118.0,84.0,48.0
Sierra Leone,61,11,0,0,6,55,0,8,0,0,0,Africa,SLE,65.30571416,4.374,39.070422535211264,474.1,8.7,2.9665562110000003,135.0,116.0,112.0,79.0,146.0
Singapore,10141,1016,12,1,896,9233,27,1733,2,94796,16203,Asia,SGP,37.49441432,6.2620000000000005,18.0,58247.9,6.1,11.46338019,36.0,20.0,1.0,21.0,1.0
Slovenia,1353,9,79,2,205,1069,24,651,38,44435,21374,Europe,SVN,80.13902425,6.117999999999999,42.0,26758.9,20.2,19.60687965,14.0,13.0,97.0,54.0,29.0
South Africa,3635,170,65,7,1055,2515,36,61,1,133774,2256,Africa,ZAF,40.81547628,4.7219999999999995,66.0,7433.6,28.3,5.318005005,63.0,85.0,102.0,89.0,123.0
Spain,208389,4211,21717,435,85915,100757,7705,4457,464,930230,19896,Europe,ESP,55.37414555,6.354,21.0,33146.4,23.8,19.37850752,26.0,95.0,78.0,50.0,3.0
Sri Lanka,330,20,7,0,105,218,2,15,0,7393,345,Asia,LKA,52.25121619,4.3660000000000005,56.0,3936.5,5.2,10.47321975,80.0,55.0,111.0,35.0,54.0
Sweden,16004,682,1937,172,550,13517,515,1585,192,94500,9357,Europe,SWE,40.3450005,7.343,2.0,57232.1,20.6,20.09552493,25.0,10.0,6.0,17.0,17.0
Switzerland,28268,205,1509,31,19900,6859,386,3266,174,227554,26293,Europe,CHE,60.91083145,7.48,5.0,78816.2,19.5,18.62321656,13.0,11.0,7.0,16.0,4.0
Tanzania,284,30,10,0,11,263,7,5,0,0,0,Africa,TZA,45.38531345,3.2310000000000003,60.0,957.1,8.4,2.601299178,131.0,78.0,34.0,49.0,118.0
Thailand,2826,15,49,1,2352,425,61,40,1,142589,2043,Asia,THA,63.89651143,6.007999999999999,30.0,6361.6,10.0,11.90089314,53.0,18.0,131.0,10.0,58.0
Tunisia,909,8,38,0,190,681,32,77,3,18861,1596,Africa,TUN,74.39224449,4.461,68.0,4402.0,26.9,8.315679079,121.0,143.0,101.0,144.0,67.0
Turkey,98674,3083,2376,117,16477,79821,1814,1170,28,750944,8904,Asia,TUR,47.93865099,5.372999999999999,43.0,15026.7,32.1,8.48321294,61.0,140.0,50.0,98.0,69.0
Uganda,63,2,0,0,45,18,0,1,0,14761,323,Africa,UGA,45.46849405,4.189,39.070422535211264,709.7,5.3,1.94098692,114.0,99.0,95.0,74.0,127.0
Ukraine,6592,467,174,13,424,5994,45,151,4,67520,1544,Europe,UKR,78.09739851,4.332,59.0,3110.2,24.1,16.43468644,56.0,141.0,143.0,66.0,87.0
United Arab Emirates,8238,483,52,6,1546,6640,1,833,5,790000,79875,Asia,ARE,38.46285672,6.825,26.0,40782.4,31.7,1.085000985,72.0,4.0,73.62616822429906,15.0,60.0
United Kingdom,133495,4451,18100,763,774,115051,1559,1966,267,559935,8248,Europe,GBR,34.17129884,7.053999999999999,12.0,42986.0,27.8,18.39586567,9.0,63.0,15.0,4.0,24.0
United States,845822,27078,47479,2161,83917,714426,14014,2555,143,4317994,13045,North America,USA,40.44306774,6.892,17.0,54541.7,36.2,15.80765406,37.0,62.0,42.0,12.0,39.0
Uruguay,543,0,12,0,324,207,10,156,3,13923,4008,South America,URY,61.68562586,6.292999999999999,45.0,14617.5,27.9,14.81451953,35.0,30.0,33.0,80.0,35.0
Uzbekistan,1716,38,7,1,450,1259,8,51,0,150000,4482,Asia,UZB,39.81862086,6.1739999999999995,39.070422535211264,2026.5,16.6,4.419137878,11.0,1.0,18.0,29.0,83.0
Venezuela,288,0,10,0,122,156,4,10,0,347236,12211,South America,VEN,60.41541608,4.707,39.070422535211264,16054.49,25.6,9.8300171986422,49.0,145.0,110.0,139.0,71.0
Vietnam,268,0,0,0,223,45,8,3,0,206253,2119,Asia,VNM,64.02554262,5.175,35.0,1964.5,2.1,7.274978298,64.0,23.0,86.0,97.0,49.0
Zambia,74,4,3,0,35,36,1,4,0,2586,141,Africa,ZMB,28.74436313,4.107,39.070422535211264,1672.3,8.1,2.099678026,115.0,73.0,69.0,53.0,131.0
Zimbabwe,28,0,3,0,2,23,0,2,0,4159,280,Africa,ZWE,73.81235179,3.6630000000000003,39.070422535211264,1322.3,15.5,2.939523653,110.0,96.0,63.0,141.0,129.0
Syria,42,0,3,0,6,33,0,2,0,1000,0,Asia,SYR,43.04679988,3.4619999999999997,39.070422535211264,17906.915398230085,27.8,9.8300171986422,154.0,153.0,38.0,69.0,128.0
South Sudan,4,0,0,0,0,4,0,0,0,0,0,Africa,SSD,50.85396383,2.853,39.070422535211264,17906.915398230085,6.6,3.39848288,148.0,154.0,61.0,85.0,143.0
